id,alert_id,workflow,outcome,evidence,executed_at
1,1,SIEM-Alert,success,,2026-08-04 06:33:15.579411
2,2,SIEM-Alert,success,,2026-08-04 06:33:16.520175
3,3,SIEM-Alert,success,,2026-08-04 06:33:17.989798
4,4,SIEM-Alert,success,,2026-08-04 06:33:19.429181
5,5,SIEM-Alert,success,,2026-08-04 06:33:21.576956
6,6,SIEM-Alert,success,,2026-08-04 06:33:22.405378
7,7,SIEM-Alert,success,,2026-08-04 06:33:24.267492
8,8,SIEM-Alert,success,,2026-08-04 06:33:25.28338
9,9,SIEM-Alert,success,,2026-08-04 06:33:28.251702
10,10,SIEM-Alert,success,,2026-08-04 06:33:29.313415
11,11,SIEM-Alert,success,,2026-08-04 06:33:31.981826
12,12,SIEM-Alert,success,,2026-08-04 06:33:32.79802
13,13,SIEM-Alert,success,,2026-08-04 06:33:35.22787
14,14,SIEM-Alert,success,,2026-08-04 06:33:36.352741
15,15,SIEM-Alert,success,,2026-08-04 06:33:37.153375
16,16,SIEM-Alert,success,,2026-08-04 06:33:38.302959
17,17,SIEM-Alert,success,,2026-08-04 06:33:39.077134
18,18,SIEM-Alert,success,,2026-08-04 06:33:40.273091
19,19,SIEM-Alert,blocked,,2026-08-04 06:33:43.182565
20,20,SIEM-Alert,success,,2026-08-04 06:33:44.660417
21,19,SIEM-Alert,blocked,,2026-08-04 06:33:45.612324
22,21,SIEM-Alert,incident_created,,2026-08-04 06:33:45.852306
23,21,SIEM-Alert,success,,2026-08-04 06:33:46.320306
24,22,SIEM-Alert,success,,2026-08-04 06:33:47.862287
25,23,SIEM-Alert,success,,2026-08-04 06:33:48.670084
26,24,SIEM-Alert,blocked,,2026-08-04 06:33:51.930562
27,24,SIEM-Alert,blocked,,2026-08-04 06:33:54.26618
28,25,SIEM-Alert,incident_created,,2026-08-04 06:33:58.152921
29,25,SIEM-Alert,success,,2026-08-04 06:33:58.602767
30,26,SIEM-Alert,success,,2026-08-04 06:34:00.007199
31,27,SIEM-Alert,success,,2026-08-04 06:34:00.763111
32,28,SIEM-Alert,success,,2026-08-04 06:34:02.152532
33,29,SIEM-Alert,success,,2026-08-04 06:34:02.947616
34,30,SIEM-Alert,success,,2026-08-04 06:34:04.286336
35,31,SIEM-Alert,success,,2026-08-04 06:34:05.30277
36,32,SIEM-Alert,blocked,,2026-08-04 06:34:08.387445
37,32,SIEM-Alert,blocked,,2026-08-04 06:34:10.825469
38,33,SIEM-Alert,success,,2026-08-04 06:34:11.293225
39,34,SIEM-Alert,success,,2026-08-04 06:34:11.51791
40,35,SIEM-Alert,success,,2026-08-04 06:34:12.230055
41,36,SIEM-Alert,success,,2026-08-04 06:34:13.685856
42,37,SIEM-Alert,success,,2026-08-04 06:34:14.561237
43,38,SIEM-Alert,blocked,,2026-08-04 06:34:17.52588
44,38,SIEM-Alert,blocked,,2026-08-04 06:34:19.911155
45,39,SIEM-Alert,incident_created,,2026-08-04 06:34:28.281403
46,39,SIEM-Alert,success,,2026-08-04 06:34:28.721334
47,40,SIEM-Alert,incident_created,,2026-08-04 06:34:28.891833
48,40,SIEM-Alert,success,,2026-08-04 06:34:29.391473
49,41,SIEM-Alert,success,,2026-08-04 06:34:32.051055
50,42,SIEM-Alert,incident_created,,2026-08-04 06:34:41.269668
51,42,SIEM-Alert,success,,2026-08-04 06:34:41.835657
52,43,SIEM-Alert,incident_created,,2026-08-04 06:34:42.457906
53,43,SIEM-Alert,success,,2026-08-04 06:34:42.880984
54,44,SIEM-Alert,incident_created,,2026-08-04 06:34:45.471262
55,44,SIEM-Alert,success,,2026-08-04 06:34:45.874193
56,45,SIEM-Alert,success,,2026-08-04 06:34:54.833016
57,46,SIEM-Alert,success,,2026-08-04 06:34:55.489033
58,47,SIEM-Alert,blocked,,2026-08-04 06:34:58.753656
59,47,SIEM-Alert,blocked,,2026-08-04 06:35:01.216673
60,48,SIEM-Alert,success,,2026-08-04 06:35:30.687402
61,49,SIEM-Alert,incident_created,,2026-08-04 06:35:32.518432
62,49,SIEM-Alert,success,,2026-08-04 06:35:32.97787
63,50,SIEM-Alert,success,,2026-08-04 06:35:34.724527
64,51,SIEM-Alert,success,,2026-08-04 06:35:37.208513
65,52,SIEM-Alert,success,,2026-08-04 06:35:38.34348
66,53,SIEM-Alert,success,,2026-08-04 06:35:39.822157
67,54,SIEM-Alert,success,,2026-08-04 06:35:41.373243
68,55,SIEM-Alert,success,,2026-08-04 06:35:41.87259
69,56,SIEM-Alert,blocked,,2026-08-04 06:35:44.568418
70,56,SIEM-Alert,blocked,,2026-08-04 06:35:46.966941
71,57,SIEM-Alert,success,,2026-08-04 06:35:47.308926
72,58,SIEM-Alert,success,,2026-08-04 06:35:48.703759
73,59,SIEM-Alert,success,,2026-08-04 06:35:49.345591
74,60,SIEM-Alert,incident_created,,2026-08-04 06:36:01.137413
75,60,SIEM-Alert,success,,2026-08-04 06:36:01.590455
76,61,SIEM-Alert,incident_created,,2026-08-04 06:36:04.295603
77,61,SIEM-Alert,success,,2026-08-04 06:36:04.760534
78,62,SIEM-Alert,success,,2026-08-04 06:36:07.207882
79,63,SIEM-Alert,incident_created,,2026-08-04 06:36:10.146378
80,63,SIEM-Alert,success,,2026-08-04 06:36:10.582994
81,64,SIEM-Alert,incident_created,,2026-08-04 06:36:11.526283
82,64,SIEM-Alert,success,,2026-08-04 06:36:12.910531
83,65,SIEM-Alert,incident_created,,2026-08-04 06:36:15.317726
84,65,SIEM-Alert,success,,2026-08-04 06:36:15.8632
85,66,SIEM-Alert,incident_created,,2026-08-04 06:36:16.055892
86,66,SIEM-Alert,success,,2026-08-04 06:36:16.502603
87,67,SIEM-Alert,incident_created,,2026-08-04 06:36:19.100398
88,67,SIEM-Alert,success,,2026-08-04 06:36:19.549503
89,68,SIEM-Alert,incident_created,,2026-08-04 06:36:19.971266
90,68,SIEM-Alert,success,,2026-08-04 06:36:20.403357
91,69,SIEM-Alert,success,,2026-08-04 06:36:23.398822
92,70,SIEM-Alert,incident_created,,2026-08-04 06:36:27.051994
93,70,SIEM-Alert,success,,2026-08-04 06:36:27.49309
94,71,SIEM-Alert,success,,2026-08-04 06:36:35.926901
95,72,SIEM-Alert,success,,2026-08-04 06:36:38.861299
96,73,SIEM-Alert,incident_created,,2026-08-04 06:36:39.399076
97,73,SIEM-Alert,success,,2026-08-04 06:36:40.320097
98,74,SIEM-Alert,incident_created,,2026-08-04 06:36:56.106764
99,74,SIEM-Alert,success,,2026-08-04 06:36:56.54531
100,75,SIEM-Alert,incident_created,,2026-08-04 06:36:57.293201
101,75,SIEM-Alert,success,,2026-08-04 06:36:57.847427
102,76,SIEM-Alert,success,,2026-08-04 06:37:00.424378
103,77,SIEM-Alert,incident_created,,2026-08-04 06:37:23.829159
104,77,SIEM-Alert,success,,2026-08-04 06:37:24.389628
105,78,SIEM-Alert,incident_created,,2026-08-04 06:37:27.014991
106,78,SIEM-Alert,success,,2026-08-04 06:37:27.484853
107,79,SIEM-Alert,incident_created,,2026-08-04 06:37:38.144127
108,79,SIEM-Alert,success,,2026-08-04 06:37:38.571218
109,80,SIEM-Alert,incident_created,,2026-08-04 06:37:41.042295
110,80,SIEM-Alert,success,,2026-08-04 06:37:41.474166
111,81,SIEM-Alert,success,,2026-08-04 22:43:05.849332
112,82,SIEM-Alert,success,,2026-08-04 22:43:07.767579
113,83,SIEM-Alert,success,,2026-08-04 22:43:11.709547
114,84,SIEM-Alert,success,,2026-08-04 22:43:12.608587
115,85,SIEM-Alert,success,,2026-08-04 22:43:15.872484
116,86,SIEM-Alert,success,,2026-08-04 22:43:19.256687
117,87,SIEM-Alert,incident_created,,2026-08-04 22:43:29.018666
118,87,SIEM-Alert,success,,2026-08-04 22:43:29.505497
119,88,SIEM-Alert,incident_created,,2026-08-04 22:43:30.888992
120,88,SIEM-Alert,success,,2026-08-04 22:43:31.681564
121,89,SIEM-Alert,success,,2026-08-04 22:43:42.569955
122,90,SIEM-Alert,success,,2026-08-04 22:43:46.191739
123,91,SIEM-Alert,incident_created,,2026-08-04 22:43:48.708165
124,91,SIEM-Alert,success,,2026-08-04 22:43:49.181387
125,92,SIEM-Alert,incident_created,,2026-08-04 22:43:50.168026
126,92,SIEM-Alert,success,,2026-08-04 22:43:51.570474
127,93,SIEM-Alert,incident_created,,2026-08-04 22:43:53.831654
128,93,SIEM-Alert,success,,2026-08-04 22:43:54.466267
129,94,SIEM-Alert,incident_created,,2026-08-04 22:43:54.758465
130,94,SIEM-Alert,success,,2026-08-04 22:43:55.464959
131,95,SIEM-Alert,incident_created,,2026-08-04 22:43:58.082398
132,95,SIEM-Alert,success,,2026-08-04 22:43:59.14054
133,96,SIEM-Alert,incident_created,,2026-08-04 22:43:59.773155
134,96,SIEM-Alert,success,,2026-08-04 22:44:00.480498
135,97,SIEM-Alert,incident_created,,2026-08-04 22:44:04.205839
136,97,SIEM-Alert,success,,2026-08-04 22:44:04.696384
137,98,SIEM-Alert,incident_created,,2026-08-04 22:44:06.721466
138,98,SIEM-Alert,success,,2026-08-04 22:44:08.497958
139,99,SIEM-Alert,incident_created,,2026-08-04 22:44:11.817208
140,99,SIEM-Alert,success,,2026-08-04 22:44:12.823701
141,100,SIEM-Alert,success,,2026-08-04 22:44:13.270379
142,101,SIEM-Alert,incident_created,,2026-08-04 22:44:15.142186
143,102,SIEM-Alert,incident_created,,2026-08-04 22:44:15.775248
144,101,SIEM-Alert,success,,2026-08-04 22:44:17.451986
145,102,SIEM-Alert,success,,2026-08-04 22:44:17.461031
146,103,SIEM-Alert,success,,2026-08-04 22:44:19.801067
147,104,SIEM-Alert,success,,2026-08-04 22:44:33.408921
148,105,SIEM-Alert,incident_created,,2026-08-04 22:44:34.080179
149,105,SIEM-Alert,success,,2026-08-04 22:44:35.779358
150,106,SIEM-Alert,incident_created,,2026-08-04 22:44:36.22795
151,106,SIEM-Alert,success,,2026-08-04 22:44:37.876162
152,107,SIEM-Alert,incident_created,,2026-08-04 22:44:51.022796
153,108,SIEM-Alert,incident_created,,2026-08-04 22:44:51.046975
154,107,SIEM-Alert,success,,2026-08-04 22:44:52.709382
155,108,SIEM-Alert,success,,2026-08-04 22:44:54.703535
156,109,SIEM-Alert,success,,2026-08-04 22:44:55.805462
157,110,SIEM-Alert,success,,2026-08-04 22:44:56.773681
158,111,SIEM-Alert,success,,2026-08-04 22:44:59.907267
159,112,SIEM-Alert,success,,2026-08-04 22:45:01.480281
160,115,SIEM-Alert,success,,2026-08-04 22:45:07.685434
161,116,SIEM-Alert,success,,2026-08-04 22:45:09.829123
162,117,SIEM-Alert,incident_created,,2026-08-04 22:45:15.877096
163,117,SIEM-Alert,success,,2026-08-04 22:45:16.349728
164,118,SIEM-Alert,incident_created,,2026-08-04 22:45:18.923596
165,118,SIEM-Alert,success,,2026-08-04 22:45:20.540718
166,119,SIEM-Alert,blocked,,2026-08-04 22:54:16.306395
167,119,SIEM-Alert,blocked,,2026-08-04 22:54:18.544915
168,120,SIEM-Alert,success,,2026-08-04 22:54:49.037453
169,121,SIEM-Alert,success,,2026-08-04 22:54:52.070371
170,122,SIEM-Alert,success,,2026-08-04 22:54:54.822276
171,124,SIEM-Alert,success,,2026-08-04 22:54:57.262971
172,123,SIEM-Alert,blocked,,2026-08-04 22:54:58.748437
173,125,SIEM-Alert,success,,2026-08-04 22:54:59.582008
174,123,SIEM-Alert,blocked,,2026-08-04 22:55:01.496456
175,126,SIEM-Alert,success,,2026-08-04 22:55:01.967014
176,127,SIEM-Alert,success,,2026-08-04 22:55:12.287562
177,128,SIEM-Alert,success,,2026-08-04 22:55:12.324148
178,129,SIEM-Alert,success,,2026-08-04 22:55:16.366897
179,130,SIEM-Alert,incident_created,,2026-08-04 22:55:18.659804
180,130,SIEM-Alert,success,,2026-08-04 22:55:19.111871
181,131,SIEM-Alert,incident_created,,2026-08-04 22:55:19.39
182,131,SIEM-Alert,success,,2026-08-04 22:55:19.823454
183,132,SIEM-Alert,incident_created,,2026-08-04 22:55:21.539179
184,132,SIEM-Alert,success,,2026-08-04 22:55:21.99817
185,133,SIEM-Alert,incident_created,,2026-08-04 22:55:23.075451
186,133,SIEM-Alert,success,,2026-08-04 22:55:23.593986
187,134,SIEM-Alert,incident_created,,2026-08-04 22:55:25.965891
188,134,SIEM-Alert,success,,2026-08-04 22:55:26.443723
189,135,SIEM-Alert,incident_created,,2026-08-04 22:55:36.302576
190,135,SIEM-Alert,success,,2026-08-04 22:55:36.724079
191,136,SIEM-Alert,success,,2026-08-04 22:55:38.223242
192,137,SIEM-Alert,incident_created,,2026-08-04 22:55:40.389471
193,137,SIEM-Alert,success,,2026-08-04 22:55:40.833819
194,138,SIEM-Alert,incident_created,,2026-08-04 22:55:41.324077
195,138,SIEM-Alert,success,,2026-08-04 22:55:41.773
196,139,SIEM-Alert,incident_created,,2026-08-04 22:55:44.653159
197,139,SIEM-Alert,success,,2026-08-04 22:55:45.173718
198,140,SIEM-Alert,incident_created,,2026-08-04 22:55:54.648293
199,140,SIEM-Alert,success,,2026-08-04 22:55:55.104522
200,141,SIEM-Alert,incident_created,,2026-08-04 22:55:55.651041
201,141,SIEM-Alert,success,,2026-08-04 22:55:56.257709
202,142,SIEM-Alert,success,,2026-08-04 22:55:59.557811
203,143,SIEM-Alert,success,,2026-08-04 22:56:02.501159
204,144,SIEM-Alert,incident_created,,2026-08-04 22:56:06.745251
205,144,SIEM-Alert,success,,2026-08-04 22:56:07.175206
206,145,SIEM-Alert,incident_created,,2026-08-04 22:56:09.908575
207,145,SIEM-Alert,success,,2026-08-04 22:56:10.783363
208,146,SIEM-Alert,incident_created,,2026-08-04 22:56:12.214383
209,146,SIEM-Alert,success,,2026-08-04 22:56:12.6835
210,147,SIEM-Alert,incident_created,,2026-08-04 22:56:15.934359
211,147,SIEM-Alert,success,,2026-08-04 22:56:16.40494
212,148,SIEM-Alert,incident_created,,2026-08-04 22:56:28.37038
213,148,SIEM-Alert,success,,2026-08-04 22:56:28.823429
214,149,SIEM-Alert,incident_created,,2026-08-04 22:56:30.367657
215,149,SIEM-Alert,success,,2026-08-04 22:56:31.106197
216,150,SIEM-Alert,incident_created,,2026-08-04 22:56:31.709245
217,150,SIEM-Alert,success,,2026-08-04 22:56:32.131867
218,151,SIEM-Alert,incident_created,,2026-08-04 22:56:35.622305
219,152,SIEM-Alert,incident_created,,2026-08-04 22:56:35.731998
220,151,SIEM-Alert,success,,2026-08-04 22:56:36.041935
221,152,SIEM-Alert,success,,2026-08-04 22:56:36.159189
223,155,SIEM-Alert,success,,2026-08-05 00:06:34.045573
224,156,SIEM-Alert,success,,2026-08-05 00:06:34.091952
225,157,SIEM-Alert,success,,2026-08-05 00:06:34.184805
226,154,SIEM-Alert,success,,2026-08-05 00:06:34.231077
227,158,SIEM-Alert,incident_created,,2026-08-05 00:08:35.076487
228,158,SIEM-Alert,success,,2026-08-05 00:08:35.613365
256,182,SIEM-Alert,success,,2026-08-05 01:15:06.498554
257,183,SIEM-Alert,success,,2026-08-05 01:15:07.59088
258,184,SIEM-Alert,success,,2026-08-05 01:15:12.589166
259,185,SIEM-Alert,success,,2026-08-05 01:15:16.249258
260,186,SIEM-Alert,success,,2026-08-05 01:15:16.372606
